"Año","Mes","Puesto de Peaje","Liviano","Medianos","Cuatro Ejes","Furgón","Motocicletas","Autobus","Total"
"2025","Junio     ","Zurquí","118168","18163","","30437","8652","6692","182112"
"2025","Mayo      ","Zurquí","133485","20052","","32034","9764","7597","202932"
"2025","Abril     ","Zurquí","140438","18288","","27930","9316","8596","204568"
"2025","Marzo     ","Zurquí","150578","20934","","31146","11425","9485","223568"
"2025","Febrero   ","Zurquí","130599","18647","","26516","9142","8208","193112"
"2025","Enero     ","Zurquí","120111","17106","","26015","7410","7882","178524"
"2024","Diciembre ","Zurquí","63195","9585","","14500","4048","3988","95316"
"2024","Noviembre ","Zurquí","103087","15727","","24325","6998","6531","156668"
"2024","Octubre   ","Zurquí","118030","18314","","26201","7993","6988","177526"
"2024","Setiembre ","Zurquí","124756","18770","","26134","9153","7286","186099"
"2024","Agosto    ","Zurquí","145508","20461","","27435","10325","8830","212559"
"2024","Junio     ","Zurquí","132295","19108","","26350","8318","8545","194616"
"2024","Junio     ","Zurquí","115833","17658","","27383","7826","7140","175840"
"2024","Mayo      ","Zurquí","123850","19044","","28348","8500","7332","187074"
"2024","Abril     ","Zurquí","123439","18211","","27053","8427","7799","184929"
"2024","Marzo     ","Zurquí","142170","18470","","26555","9255","9870","206320"
"2024","Febrero   ","Zurquí","92252","14624","","23341","6082","6675","142974"
"2024","Enero     ","Zurquí","136606","18791","","26913","8008","9770","200088"
"2023","Noviembre ","Zurquí","119245","18686","","25777","7223","8261","179192"
"2023","Octubre   ","Zurquí","110568","16527","","23654","7080","7331","165160"
"2023","Agosto    ","Zurquí","125384","18414","","24227","7404","7015","182444"
"2023","Julio     ","Zurquí","128176","17793","","23220","6986","7680","183855"
"2023","Junio     ","Zurquí","119524","18916","","24709","7534","7537","178220"
"2023","Mayo      ","Zurquí","127023","18839","","27508","7538","6264","187172"
"2023","Abril     ","Zurquí","130146","15476","","23269","7269","5842","182002"
"2023","Marzo     ","Zurquí","120005","16645","","27374","6743","5768","176535"
"2023","Febrero   ","Zurquí","119910","16549","","23236","6408","5586","171689"
"2023","Enero     ","Zurquí","129966","16996","","22153","6258","5429","180802"
"2022","Noviembre ","Zurquí","110723","16103","","22950","6256","4067","160099"
"2022","Octubre   ","Zurquí","113736","16729","","23793","6515","4198","164971"
"2022","Agosto    ","Zurquí","123292","19191","","25357","6393","5102","179335"
"2022","Julio     ","Zurquí","77392","12264","","16456","3874","3209","113195"
"2022","Junio     ","Zurquí","76394","13877","","18477","4039","2817","115604"
"2022","Mayo      ","Zurquí","116477","19616","","23888","6081","4119","170181"
"2022","Abril     ","Zurquí","123694","18502","","21665","5839","4842","174542"
"2022","Marzo     ","Zurquí","133717","21460","","27207","6666","5005","194055"
"2022","Febrero   ","Zurquí","120900","15967","","20261","5378","4251","166757"
"2022","Enero     ","Zurquí","132017","15011","","18729","5970","4620","176347"
"2021","Noviembre ","Zurquí","126456","15677","","18885","5739","4026","170783"
"2021","Octubre   ","Zurquí","121869","14675","","18973","5704","3800","165021"
"2021","Agosto    ","Zurquí","111797","14754","","17659","4900","3563","152673"
"2021","Julio     ","Zurquí","109213","13432","","16527","4639","3384","147195"
"2021","Junio     ","Zurquí","106693","13767","","17509","4584","2988","145541"
"2021","Mayo      ","Zurquí","100375","13871","","17662","4602","2796","139306"
"2021","Abril     ","Zurquí","100000","14130","","18448","4560","2864","140002"
"2021","Marzo     ","Zurquí","133408","17380","","21660","5900","3185","181533"
"2021","Febrero   ","Zurquí","105817","12779","","16500","4845","2725","142666"
"2021","Enero     ","Zurquí","115038","12682","","15377","4863","3078","151038"
"2020","Diciembre ","Zurquí","121223","13442","","15970","5429","2960","159024"
"2020","Noviembre ","Zurquí","109965","14109","","15916","5322","2254","147566"
"2020","Octubre   ","Zurquí","92348","13272","","15749","5203","1633","128205"
"2020","Setiembre ","Zurquí","93407","13473","","14640","4634","1508","127662"
"2020","Agosto    ","Zurquí","83215","13811","","15824","4210","1430","118490"
"2020","Julio     ","Zurquí","69361","12421","","14632","3520","1023","100957"
"2020","Junio     ","Zurquí","77482","13481","","16760","3832","1267","112822"
"2020","Mayo      ","Zurquí","76891","12869","","15625","3993","1242","110620"
"2020","Abril     ","Zurquí","48208","10230","","14256","2771","686","76151"
"2020","Marzo     ","Zurquí","97260","18701","","25965","5808","4178","151912"
"2020","Febrero   ","Zurquí","120083","19269","","23696","5815","6135","174998"
"2020","Enero     ","Zurquí","122241","17854","","21939","5256","6447","173737"
"2019","Diciembre ","Zurquí","130538","17202","","20025","6138","6754","180657"
"2019","Noviembre ","Zurquí","123827","19236","","22720","6358","6419","178560"
"2019","Octubre   ","Zurquí","129135","20584","","23092","6559","5786","185156"
"2019","Setiembre ","Zurquí","121415","20193","","22538","6450","5375","175971"
"2019","Agosto    ","Zurquí","128222","19577","","22655","6225","5945","182624"
"2019","Julio     ","Zurquí","122182","18404","","23519","5959","6131","176195"
"2019","Junio     ","Zurquí","116153","18181","","21105","5878","5328","166645"
"2019","Mayo      ","Zurquí","111030","18436","","24001","5214","5106","163787"
"2019","Abril     ","Zurquí","127412","17683","","22886","6263","6352","180596"
"2019","Marzo     ","Zurquí","136281","20010","","26873","6535","6928","196627"
"2019","Febrero   ","Zurquí","124850","18362","","24646","6121","6333","180312"
"2019","Enero     ","Zurquí","137330","19607","","24804","5923","7083","194747"
"2018","Diciembre ","Zurquí","145824","17809","","20825","6794","7172","198424"
"2018","Noviembre ","Zurquí","121668","19179","","26648","5996","6312","179803"
"2018","Octubre   ","Zurquí","121162","18603","","23899","6304","5513","175481"
"2018","Setiembre ","Zurquí","105093","16975","","21176","5904","4944","154092"
"2018","Agosto    ","Zurquí","114629","17797","","25352","5382","5816","168976"
"2018","Julio     ","Zurquí","96875","15147","","22486","4085","5383","143976"
"2018","Junio     ","Zurquí","117330","19193","","26575","5575","5604","174277"
"2018","Mayo      ","Zurquí","126390","20398","","29257","5938","5854","187837"
"2018","Abril     ","Zurquí","122717","19648","","27741","5952","6210","182268"
"2018","Marzo     ","Zurquí","138476","19440","","28400","6685","6793","199794"
"2018","Febrero   ","Zurquí","118011","17047","","25134","5932","5777","171901"
"2018","Enero     ","Zurquí","119638","18578","","25665","4641","6116","174638"
"2017","Diciembre ","Zurquí","134725","17561","","23054","6128","6479","187947"
"2017","Noviembre ","Zurquí","127514","20130","","27248","6407","6173","187472"
"2017","Octubre   ","Zurquí","124572","18905","","24825","6082","5238","179622"
"2017","Setiembre ","Zurquí","123955","18503","","24841","6158","5031","178488"
"2017","Agosto    ","Zurquí","124416","19128","","26955","6215","5633","182347"
"2017","Julio     ","Zurquí","134369","18192","","24717","5975","6405","189658"
"2017","Junio     ","Zurquí","106821","16126","","25316","5303","4726","158292"
"2017","Mayo      ","Zurquí","118514","18922","","27648","5439","5145","175668"
"2017","Abril     ","Zurquí","132263","17615","","24681","6116","6160","186835"
"2017","Marzo     ","Zurquí","124887","18986","","30516","6008","6036","186433"
"2017","Febrero   ","Zurquí","116537","17176","","25651","5694","5681","170739"
"2017","Enero     ","Zurquí","122500","16226","","25353","5287","6138","175504"
"2016","Diciembre ","Zurquí","132519","17368","","23714","5583","6490","185674"
"2016","Noviembre ","Zurquí","103107","15797","","22625","4465","4964","150958"
"2016","Octubre   ","Zurquí","125390","17446","","24819","5679","5500","178834"
"2016","Setiembre ","Zurquí","118627","16491","","24468","5485","4865","169936"
"2016","Agosto    ","Zurquí","124126","17992","","24713","5413","5694","177938"
"2016","Julio     ","Zurquí","132232","17701","","23631","5480","6650","185694"
"2016","Junio     ","Zurquí","110305","17526","","24623","4878","5267","162599"
"2016","Mayo      ","Zurquí","113765","17915","","25936","4954","5368","167938"
"2016","Abril     ","Zurquí","122131","17145","","26202","5453","6054","176985"
"2016","Marzo     ","Zurquí","108443","20816","","23386","5139","6910","164694"
"2016","Febrero   ","Zurquí","101342","16005","","25038","4063","6213","152661"
"2016","Enero     ","Zurquí","120879","16311","","23957","4559","6862","172568"
"2015","Diciembre ","Zurquí","122871","17084","","22971","4513","7221","174660"
"2015","Noviembre ","Zurquí","108933","17288","","24027","4691","6161","161100"
"2015","Octubre   ","Zurquí","114860","18116","","22687","4847","5827","166337"
"2015","Setiembre ","Zurquí","105932","17254","","22547","4168","5532","155433"
"2015","Agosto    ","Zurquí","112879","16566","","22551","4614","6108","162718"
"2015","Julio     ","Zurquí","96471","16669","","23558","3935","6016","146649"
"2015","Junio     ","Zurquí","75616","14001","","18765","3078","4110","115570"
"2015","Mayo      ","Zurquí","102011","18426","","22947","4089","5412","152885"
"2015","Abril     ","Zurquí","106742","16717","","22746","4341","5942","156488"
"2015","Marzo     ","Zurquí","114055","17842","","27594","4490","6431","170412"
"2015","Febrero   ","Zurquí","100421","15424","","24337","3436","5799","149417"
"2015","Enero     ","Zurquí","106983","15974","","21755","3444","6546","154702"
"2014","Diciembre ","Zurquí","106861","16489","","20437","3448","6500","153735"
"2014","Noviembre ","Zurquí","103104","16632","","22151","3848","6300","152035"
"2014","Octubre   ","Zurquí","100721","16940","","22138","3730","5724","149253"
"2014","Setiembre ","Zurquí","86876","14807","","20065","3251","4952","129951"
"2014","Agosto    ","Zurquí","105108","16631","","22315","3786","6090","153930"
"2014","Julio     ","Zurquí","98989","16899","","22939","3092","6060","147979"
"2014","Junio     ","Zurquí","89851","16440","","22063","3047","5032","136433"
"2014","Mayo      ","Zurquí","100512","17332","","23835","3509","5403","150591"
"2014","Abril     ","Zurquí","101848","15944","","23726","3501","5937","150956"
"2014","Marzo     ","Zurquí","113020","17547","","26380","4504","6795","168246"
"2014","Febrero   ","Zurquí","98168","15230","","22796","3415","5943","145552"
"2014","Enero     ","Zurquí","110642","15629","","22580","3226","7300","159377"
"2013","Diciembre ","Zurquí","114797","16003","","19581","3587","7255","161223"
"2013","Noviembre ","Zurquí","103055","16795","","20925","3503","6221","150499"
"2013","Octubre   ","Zurquí","102227","17366","","21824","3587","5584","150588"
"2013","Setiembre ","Zurquí","100820","15797","","20325","3377","5580","145899"
"2013","Agosto    ","Zurquí","105286","17134","","21069","3301","6164","152954"
"2013","Julio     ","Zurquí","108199","16972","","21409","3005","6644","156229"
"2013","Junio     ","Zurquí","98172","15804","","19570","2877","5676","142099"
"2013","Mayo      ","Zurquí","96216","16890","","21850","2822","5151","142929"
"2013","Abril     ","Zurquí","95962","16913","","22298","3012","5611","143796"
"2013","Marzo     ","Zurquí","104209","16138","","22174","3156","6758","152435"
"2013","Febrero   ","Zurquí","92969","15689","","22282","2964","5799","139703"
"2013","Enero     ","Zurquí","94288","15088","","20910","2451","6019","138756"
"2012","Diciembre ","Zurquí","","","","","","",""
"2012","Noviembre ","Zurquí","","","","","","",""
"2012","Octubre   ","Zurquí","692","169","","190","8","17","1076"
"2012","Setiembre ","Zurquí","99161","16267","","20636","2770","5466","144300"
"2012","Agosto    ","Zurquí","100172","16844","","22194","2746","6096","148052"
"2012","Julio     ","Zurquí","103728","16851","","22369","2622","6769","152339"
"2012","Junio     ","Zurquí","89872","15603","","20343","2488","5358","133664"
"2012","Mayo      ","Zurquí","96208","16768","","22473","2579","5414","143442"
"2012","Abril     ","Zurquí","99812","14691","","20436","2784","6429","144152"
"2012","Marzo     ","Zurquí","102467","17395","","26218","2755","6713","155548"
"2012","Febrero   ","Zurquí","98673","16172","","23194","2708","6307","147054"
"2012","Enero     ","Zurquí","103804","15582","","21752","2686","7048","150872"
"2011","Diciembre ","Zurquí","101480","15528","","18969","2286","6936","145199"
"2011","Noviembre ","Zurquí","88813","15549","","19815","2318","5625","132120"
"2011","Octubre   ","Zurquí","95115","15531","","19798","2391","5911","138746"
"2011","Setiembre ","Zurquí","93908","15445","","20911","2638","5312","138214"
"2011","Agosto    ","Zurquí","98332","15611","","21910","2516","6114","144483"
"2011","Julio     ","Zurquí","102712","15599","","21283","2568","7178","149340"
"2011","Junio     ","Zurquí","89883","16447","","22051","2230","5675","136286"
"2011","Mayo      ","Zurquí","88521","16466","","21717","2248","5318","134270"
"2011","Abril     ","Zurquí","102897","16462","","21914","2600","6682","150555"
"2011","Marzo     ","Zurquí","94052","16972","","23464","2297","6459","143244"
"2011","Febrero   ","Zurquí","91074","15033","","19241","2251","6133","133732"
"2011","Enero     ","Zurquí","95372","15222","","17655","2133","6810","137192"
"2010","Diciembre ","Zurquí","92993","15655","","18531","1919","6644","135742"
"2010","Noviembre ","Zurquí","83985","16318","","18929","1917","5587","126736"
"2010","Octubre   ","Zurquí","93970","16041","","18357","2523","5674","136565"
"2010","Setiembre ","Zurquí","87460","16007","","18234","2227","5234","129162"
"2010","Agosto    ","Zurquí","93384","15784","","19702","2287","6254","137411"
"2010","Julio     ","Zurquí","92934","15536","","19963","2106","6569","137108"
"2010","Junio     ","Zurquí","74787","14179","","19947","1689","4900","115502"
"2010","Mayo      ","Zurquí","56744","10885","","15114","1492","3455","87690"
"2010","Abril     ","Zurquí","72663","12434","","18222","1726","5109","110154"
"2010","Marzo     ","Zurquí","82493","15575","","22964","1926","5725","128683"
"2010","Febrero   ","Zurquí","81727","14404","","20446","1905","5661","124143"
"2010","Enero     ","Zurquí","96168","14490","","19751","2225","6989","139623"
"2009","Diciembre ","Zurquí","101730","15163","","19200","2561","7161","145815"
"2009","Noviembre ","Zurquí","88242","15132","","19745","2427","6205","131751"
"2009","Octubre   ","Zurquí","97714","15847","","20418","2827","6131","142937"
"2009","Setiembre ","Zurquí","93424","15300","","19234","2712","5470","136140"
"2009","Agosto    ","Zurquí","95454","15244","","20033","2637","6331","139699"
"2009","Julio     ","Zurquí","99145","16481","","20945","2304","7088","145963"
"2009","Junio     ","Zurquí","87568","15946","","20394","2375","5469","131752"
"2009","Mayo      ","Zurquí","93965","16884","","20134","2562","5818","139363"
"2009","Abril     ","Zurquí","94745","15250","","22256","2685","6449","141385"
"2009","Marzo     ","Zurquí","91281","16706","","23281","2403","6505","140176"
"2009","Febrero   ","Zurquí","79162","14226","","20769","1905","5867","121929"
"2009","Enero     ","Zurquí","86714","14211","","19059","2004","6442","128430"
"2008","Diciembre ","Zurquí","83598","14006","","18411","2095","6472","124582"
"2008","Noviembre ","Zurquí","65520","12280","","17452","1805","5324","102381"
"2008","Octubre   ","Zurquí","79551","14842","","22536","2211","5726","124866"
"2008","Setiembre ","Zurquí","80465","15213","","21950","2347","5525","125500"
"2008","Agosto    ","Zurquí","81437","15268","","22855","2442","6437","128439"
"2008","Julio     ","Zurquí","84171","15580","","23957","2091","7368","133167"
"2008","Junio     ","Zurquí","73940","14603","","22333","1846","5537","118259"
"2008","Mayo      ","Zurquí","83371","16317","","24650","2024","5732","132094"
"2008","Abril     ","Zurquí","77674","15429","","25266","1750","5877","125996"
"2008","Marzo     ","Zurquí","89481","14883","","23844","2292","7221","137721"
"2008","Febrero   ","Zurquí","81992","15037","","25920","1783","6620","131352"
"2008","Enero     ","Zurquí","78769","13876","","22383","1665","6528","123221"
"2007","Diciembre ","Zurquí","86635","14338","","19727","1746","7002","129448"
"2007","Noviembre ","Zurquí","70452","14784","","23568","1422","5590","115816"
"2007","Octubre   ","Zurquí","79232","15811","","23547","1638","6041","126269"
"2007","Setiembre ","Zurquí","77161","14856","","20839","1617","5696","120169"
"2007","Agosto    ","Zurquí","80216","15097","","22750","1534","6321","125918"
"2007","Julio     ","Zurquí","83351","14609","","21698","1421","6979","128058"
"2007","Junio     ","Zurquí","76926","14997","","23121","1464","5674","122182"
"2007","Mayo      ","Zurquí","75066","15134","","22826","1290","5358","119674"
"2007","Abril     ","Zurquí","78568","13359","","21831","1464","6314","121536"
"2007","Marzo     ","Zurquí","82337","15750","","26250","1432","6547","132316"
"2007","Febrero   ","Zurquí","74825","13660","","22308","1389","6034","118216"
"2007","Enero     ","Zurquí","79156","14218","","21285","1170","6518","122347"
"2006","Diciembre ","Zurquí","81430","13993","","18414","1269","6682","121788"
"2006","Noviembre ","Zurquí","72340","14220","","20902","1233","5682","114377"
"2006","Octubre   ","Zurquí","70063","13010","","18274","1296","5398","108041"
"2006","Setiembre ","Zurquí","69029","12913","","18429","1188","4842","106401"
"2006","Agosto    ","Zurquí","73334","13801","","20437","1198","5797","114567"
"2006","Julio     ","Zurquí","76272","13436","","19548","998","6387","116641"
"2006","Junio     ","Zurquí","67458","13498","","20263","860","5105","107184"
"2006","Mayo      ","Zurquí","74429","14847","","21297","913","5200","116686"
"2006","Abril     ","Zurquí","78874","13136","","19534","968","6371","118883"
"2006","Marzo     ","Zurquí","74496","13824","","24041","935","6223","119519"
"2006","Febrero   ","Zurquí","64637","11697","","19462","758","5232","101786"
"2006","Enero     ","Zurquí","74936","12854","","19006","856","6327","113979"
"2005","Diciembre ","Zurquí","78653","13073","","17081","984","6376","116167"
"2005","Noviembre ","Zurquí","65188","12933","","17861","720","5593","102295"
"2005","Octubre   ","Zurquí","70660","13468","","18435","815","5539","108917"
"2005","Setiembre ","Zurquí","70141","13061","","17484","893","4966","106545"
"2005","Agosto    ","Zurquí","72675","13327","","18666","889","5743","111300"
"2005","Julio     ","Zurquí","78112","13368","","18836","834","6459","117609"
"2005","Junio     ","Zurquí","63401","12719","","18745","761","4871","100497"
"2005","Mayo      ","Zurquí","71104","13162","","19397","783","5086","109532"
"2005","Abril     ","Zurquí","70017","13117","","21110","794","5223","110261"
"2005","Marzo     ","Zurquí","77767","13053","","21332","882","6156","119190"
"2005","Febrero   ","Zurquí","64289","11826","","20051","643","5129","101938"
"2005","Enero     ","Zurquí","54800","9948","","15922","512","4756","85938"
"2004","Diciembre ","Zurquí","71408","12201","","15562","673","5905","105749"
"2004","Noviembre ","Zurquí","58607","11398","","16557","583","4657","91802"
"2004","Octubre   ","Zurquí","76053","13323","","18216","888","5585","114065"
"2004","Setiembre ","Zurquí","74701","13202","","18666","878","4913","112360"
"2004","Agosto    ","Zurquí","70862","11841","","17352","703","5330","106088"
"2004","Julio     ","Zurquí","78201","12946","","19336","705","6270","117458"
"2004","Junio     ","Zurquí","67008","12735","","19589","562","4694","104588"
"2004","Mayo      ","Zurquí","61805","12218","","19839","514","4533","98909"
"2004","Abril     ","Zurquí","77073","12513","","20872","783","5587","116828"
"2004","Marzo     ","Zurquí","73976","13548","","24042","665","5650","117881"
"2004","Febrero   ","Zurquí","75802","11797","","17858","1847","4839","112143"
"2004","Enero     ","Zurquí","96950","9587","","14708","594","6397","128236"
"2003","Diciembre ","Zurquí","118172","7400","","8547","466","4348","138933"
"2003","Noviembre ","Zurquí","67107","13493","","17142","447","3064","101253"
"2003","Octubre   ","Zurquí","67813","13898","","19034","716","3550","105011"
"2003","Setiembre ","Zurquí","56152","13772","","18186","4020","738","92868"
"2003","Agosto    ","Zurquí","70697","10556","","14928","4469","683","101333"
"2003","Julio     ","Zurquí","73994","13027","","17172","5278","780","110251"
"2003","Junio     ","Zurquí","63819","11730","","15456","4520","671","96196"
"2003","Mayo      ","Zurquí","67702","12561","","18172","4588","861","103884"
"2003","Abril     ","Zurquí","68116","10645","","17536","4848","861","102006"
"2003","Marzo     ","Zurquí","74482","12361","","20673","5358","820","113694"
"2003","Febrero   ","Zurquí","64072","11107","","19609","4626","721","100135"
"2003","Enero     ","Zurquí","75819","12122","","19440","5467","694","113542"
"2025","Junio     ","Naranjo","255009","27769","","11675","13983","13466","321902"
"2025","Mayo      ","Naranjo","260567","29129","","11791","13652","13836","328975"
"2025","Abril     ","Naranjo","245272","26186","","11822","12960","14172","310412"
"2025","Marzo     ","Naranjo","271580","28699","","13229","14811","15288","343607"
"2025","Febrero   ","Naranjo","241750","25825","","11310","12578","13339","304802"
"2025","Enero     ","Naranjo","226017","24866","","10738","12075","13074","286770"
"2023","Noviembre ","Naranjo","236501","19088","5862","9878","8948","13624","293901"
"2023","Octubre   ","Naranjo","236387","18902","5700","9398","8433","13132","291952"
"2023","Agosto    ","Naranjo","246470","18822","5468","9394","8422","14124","302700"
"2023","Julio     ","Naranjo","256389","17862","5374","8934","8227","15350","312136"
"2023","Junio     ","Naranjo","236638","18350","5968","8934","7406","13318","290614"
"2023","Mayo      ","Naranjo","263980","19388","5911","10236","8963","14556","323034"
"2023","Abril     ","Naranjo","264438","17133","5632","9278","8854","15689","321024"
"2023","Marzo     ","Naranjo","272913","20522","6553","10932","9015","15477","335412"
"2023","Febrero   ","Naranjo","241478","17846","5659","9435","8600","13600","296618"
"2023","Enero     ","Naranjo","268136","18015","5916","9255","8793","16114","326229"
"2022","Noviembre ","Naranjo","232175","16775","5688","5575","6585","10320","277118"
"2022","Octubre   ","Naranjo","230845","16072","5288","5607","6468","10093","274373"
"2022","Agosto    ","Naranjo","237403","16877","5020","9887","6903","12803","288893"
"2022","Julio     ","Naranjo","239408","16276","4942","10530","6751","13757","291664"
"2022","Junio     ","Naranjo","218036","16529","5166","10589","6172","11817","268309"
"2022","Mayo      ","Naranjo","230923","16430","5565","10740","6925","11914","282497"
"2022","Abril     ","Naranjo","228465","15305","5295","10298","7527","12872","279762"
"2022","Marzo     ","Naranjo","240592","17354","5419","12544","8297","12117","296323"
"2022","Febrero   ","Naranjo","221450","15781","4609","10705","7340","11179","271064"
"2022","Enero     ","Naranjo","240739","15326","4751","10012","8035","13073","291936"
"2021","Noviembre ","Naranjo","221723","14780","4232","10527","7738","10929","269929"
"2021","Octubre   ","Naranjo","213351","14695","4044","10677","6983","10504","260254"
"2021","Agosto    ","Naranjo","215726","14961","4069","10157","6945","10556","262414"
"2021","Julio     ","Naranjo","216287","14739","4291","11042","6596","10730","263685"
"2021","Junio     ","Naranjo","201545","14716","4225","10415","6340","7926","245167"
"2021","Mayo      ","Naranjo","192026","14937","4414","11371","6736","7039","236523"
"2021","Abril     ","Naranjo","218222","15198","4516","11320","7633","8049","264938"
"2021","Marzo     ","Naranjo","237392","17048","4852","13007","8663","8185","289147"
"2021","Febrero   ","Naranjo","208947","15835","4442","11699","7914","7073","255910"
"2021","Enero     ","Naranjo","226830","15787","4824","10749","8373","7771","274334"
"2018","Diciembre ","Naranjo","272528","27388","","11323","19798","15611","346648"
"2018","Noviembre ","Naranjo","261952","30045","","12275","20460","14366","339098"
"2018","Octubre   ","Naranjo","257512","28031","","11632","19711","13428","330314"
"2018","Setiembre ","Naranjo","239965","25793","","11177","19217","12401","308553"
"2018","Agosto    ","Naranjo","262254","28474","","12026","20600","14329","337683"
"2018","Julio     ","Naranjo","275086","29088","","11666","20084","15360","351284"
"2018","Junio     ","Naranjo","254013","28092","","10167","19651","13860","325783"
"2018","Mayo      ","Naranjo","258543","28982","","12255","20115","13989","333884"
"2018","Abril     ","Naranjo","234482","27503","","12357","19142","13515","306999"
"2018","Marzo     ","Naranjo","258546","27931","","12926","20534","15064","335001"
"2018","Febrero   ","Naranjo","233557","26503","","11539","19124","13122","303845"
"2018","Enero     ","Naranjo","280202","29744","","11754","19289","16374","357363"
"2017","Diciembre ","Naranjo","267868","28545","","10451","18558","15530","340952"
"2017","Noviembre ","Naranjo","257427","30492","","10328","20035","14102","332384"
"2017","Octubre   ","Naranjo","237455","26459","","7274","18218","10919","300325"
"2017","Setiembre ","Naranjo","252055","28290","","10416","18939","12687","322387"
"2017","Agosto    ","Naranjo","266959","30745","","11266","19759","14065","342794"
"2017","Julio     ","Naranjo","278030","28463","","10444","19464","15256","351657"
"2017","Junio     ","Naranjo","254608","29014","","11884","18762","13823","328091"
"2017","Mayo      ","Naranjo","261404","29770","","12375","19015","14027","336591"
"2017","Abril     ","Naranjo","242658","25386","","12062","17830","14282","312218"
"2017","Marzo     ","Naranjo","257087","31302","","14459","21508","14658","339014"
"2017","Febrero   ","Naranjo","223024","26302","","11907","19180","12870","293283"
"2017","Enero     ","Naranjo","263449","30253","","11450","20045","15826","341023"
"2016","Diciembre ","Naranjo","265310","30204","","10663","18168","15190","339535"
"2016","Noviembre ","Naranjo","236339","27640","","9772","16971","12796","303518"
"2016","Octubre   ","Naranjo","264896","27642","","10309","18321","13516","334684"
"2016","Setiembre ","Naranjo","250649","27008","","9668","17796","12354","317475"
"2016","Agosto    ","Naranjo","263647","28494","","10474","18901","13766","335282"
"2016","Julio     ","Naranjo","284537","28746","","10495","18412","15408","357598"
"2016","Junio     ","Naranjo","271033","30476","","10959","18553","13567","344588"
"2016","Mayo      ","Naranjo","278483","30945","","12062","19603","13804","354897"
"2016","Abril     ","Naranjo","265192","29816","","13563","19390","13691","341652"
"2016","Marzo     ","Naranjo","261471","28879","","13297","18910","14627","337184"
"2016","Febrero   ","Naranjo","248162","28381","","12375","18236","13288","320442"
"2016","Enero     ","Naranjo","273412","29546","","11334","17894","16118","348304"
"2015","Diciembre ","Naranjo","262363","29383","","10649","16956","15039","334390"
"2015","Noviembre ","Naranjo","250707","28603","","10372","16773","13596","320051"
"2015","Octubre   ","Naranjo","253688","28229","","10359","16704","13310","322290"
"2015","Setiembre ","Naranjo","239156","27381","","9725","15923","12695","304880"
"2015","Agosto    ","Naranjo","256604","27242","","10197","17115","14185","325343"
"2015","Julio     ","Naranjo","260881","29622","","11060","16305","15387","333255"
"2015","Junio     ","Naranjo","243058","28196","","11670","15299","13776","311999"
"2015","Mayo      ","Naranjo","249536","27561","","11117","15431","13894","317539"
"2015","Abril     ","Naranjo","232200","25211","","11562","14747","13765","297485"
"2015","Marzo     ","Naranjo","255964","29096","","13706","15890","14875","329531"
"2015","Febrero   ","Naranjo","232370","25576","","11673","14019","13432","297070"
"2015","Enero     ","Naranjo","261159","28368","","10759","15483","17530","333299"
"2014","Diciembre ","Naranjo","243114","27185","","9970","13545","15075","308889"
"2014","Noviembre ","Naranjo","237673","27492","","10877","13802","14333","304177"
"2014","Octubre   ","Naranjo","230410","26577","","9008","12951","13361","292307"
"2014","Setiembre ","Naranjo","220331","25385","","8776","12235","12709","279436"
"2014","Agosto    ","Naranjo","233855","25356","","9458","12643","14085","295397"
"2014","Julio     ","Naranjo","230043","27007","","9847","12421","14644","293962"
"2014","Junio     ","Naranjo","215304","24900","","9474","11741","13646","275065"
"2014","Mayo      ","Naranjo","232038","27796","","11115","12398","13882","297229"
"2014","Abril     ","Naranjo","208274","24472","","11141","11126","13775","268788"
"2014","Marzo     ","Naranjo","239163","27126","","12395","13383","15082","307149"
"2014","Febrero   ","Naranjo","207538","25062","","11584","11582","13208","268974"
"2014","Enero     ","Naranjo","251471","27887","","11376","12815","17615","321164"
"2013","Diciembre ","Naranjo","237934","26637","","10258","11461","15246","301536"
"2013","Noviembre ","Naranjo","225018","27326","","10752","11126","14390","288612"
"2013","Octubre   ","Naranjo","225759","27193","","10436","11242","13609","288239"
"2013","Setiembre ","Naranjo","214373","25096","","9644","10281","12825","272219"
"2013","Agosto    ","Naranjo","223372","25657","","9795","10206","14121","283151"
"2013","Julio     ","Naranjo","233302","26208","","10387","10118","15252","295267"
"2013","Junio     ","Naranjo","214719","24638","","9440","9501","13813","272111"
"2013","Mayo      ","Naranjo","217129","26723","","10565","10035","13735","278187"
"2013","Abril     ","Naranjo","208036","25886","","12251","10222","13667","270062"
"2013","Marzo     ","Naranjo","217956","24486","","12482","9675","14716","279315"
"2013","Febrero   ","Naranjo","201417","24632","","12335","9969","12715","261068"
"2013","Enero     ","Naranjo","242066","27800","","12042","10994","15774","308676"
"2012","Diciembre ","Naranjo","222471","26156","","10353","9336","13973","282289"
"2012","Noviembre ","Naranjo","210258","27004","","11054","9296","12961","270573"
"2012","Octubre   ","Naranjo","214046","26316","","10724","9508","12496","273090"
"2012","Setiembre ","Naranjo","205149","24088","","9627","8648","11979","259491"
"2012","Agosto    ","Naranjo","215316","26324","","10963","9071","13059","274733"
"2012","Julio     ","Naranjo","221718","26148","","11453","8740","14441","282500"
"2012","Junio     ","Naranjo","207295","26343","","10705","8710","12948","266001"
"2012","Mayo      ","Naranjo","211984","27745","","12700","8772","12859","274060"
"2012","Abril     ","Naranjo","201732","23671","","12609","8266","13036","259314"
"2012","Marzo     ","Naranjo","222952","28174","","15393","9295","14050","289864"
"2012","Febrero   ","Naranjo","208293","25836","","13963","8887","13163","270142"
"2012","Enero     ","Naranjo","244512","27957","","12252","9839","16853","311413"
"2025","Junio     ","Tres Ríos","708456","51351","","20246","99569","31302","910924"
"2025","Mayo      ","Tres Ríos","725192","53078","","21495","103787","32456","936008"
"2025","Abril     ","Tres Ríos","644087","47873","","19568","92998","29950","834476"
"2025","Marzo     ","Tres Ríos","627485","46729","","19290","85003","28971","807478"
"2025","Febrero   ","Tres Ríos","","","","","","",""
"2025","Enero     ","Tres Ríos","20582","1833","","550","5227","938","29130"
"2024","Diciembre ","Tres Ríos","","","","","","",""
"2024","Noviembre ","Tres Ríos","","","","","","",""
"2024","Octubre   ","Tres Ríos","397550","30851","","12287","60442","19420","520550"
"2024","Setiembre ","Tres Ríos","665425","47673","","19118","97291","30670","860177"
"2024","Agosto    ","Tres Ríos","668843","47036","","20082","99166","31349","866476"
"2024","Julio     ","Tres Ríos","671070","49326","","20450","96718","32611","870175"
"2024","Junio     ","Tres Ríos","650497","46105","","19526","90399","30567","837094"
"2024","Mayo      ","Tres Ríos","601404","44684","","20771","81802","30341","779002"
"2024","Abril     ","Tres Ríos","572900","41075","","19391","76064","29514","738944"
"2024","Marzo     ","Tres Ríos","574628","40095","","18423","73045","28558","734749"
"2024","Febrero   ","Tres Ríos","604977","44543","","19521","88863","30273","788177"
"2024","Enero     ","Tres Ríos","641300","46748","","19525","92221","32896","832690"
"2023","Noviembre ","Tres Ríos","641100","48429","","19053","91917","33318","833817"
"2023","Octubre   ","Tres Ríos","664671","47847","","18698","91443","33243","855902"
"2023","Agosto    ","Tres Ríos","642793","45552","","19421","88793","27420","823979"
"2023","Julio     ","Tres Ríos","637378","44213","","19625","86846","28397","816459"
"2023","Junio     ","Tres Ríos","600926","44687","","18928","86284","29932","780757"
"2023","Mayo      ","Tres Ríos","640323","45543","","21194","92088","26604","825752"
"2023","Abril     ","Tres Ríos","585606","37231","","19279","76285","19937","738338"
"2023","Marzo     ","Tres Ríos","650983","45313","","23646","93864","24216","838022"
"2023","Febrero   ","Tres Ríos","586703","39493","","19970","83184","27761","757111"
"2023","Enero     ","Tres Ríos","606056","41203","","20508","82725","45413","795905"
"2022","Noviembre ","Tres Ríos","575289","41329","","20549","79766","22394","739327"
"2022","Octubre   ","Tres Ríos","604445","41212","","20313","84088","22507","772565"
"2022","Agosto    ","Tres Ríos","610950","44623","","18799","77462","22014","773848"
"2022","Julio     ","Tres Ríos","628416","45230","","20995","75552","23761","793954"
"2022","Junio     ","Tres Ríos","586221","44932","","20094","74700","21778","747725"
"2022","Mayo      ","Tres Ríos","643460","45688","","19281","76474","22213","807116"
"2022","Abril     ","Tres Ríos","559943","39351","","17144","66457","18952","701847"
"2022","Marzo     ","Tres Ríos","652297","47486","","21006","84127","22556","827472"
"2022","Febrero   ","Tres Ríos","563374","38601","","15543","69661","19009","706188"
"2022","Enero     ","Tres Ríos","606303","38926","","14965","72373","20110","752677"
"2021","Noviembre ","Tres Ríos","612181","41448","","16039","74265","21099","765032"
"2021","Octubre   ","Tres Ríos","577000","39139","","14483","68139","19062","717823"
"2021","Agosto    ","Tres Ríos","577008","39554","","14780","66630","19015","716987"
"2021","Julio     ","Tres Ríos","546826","37011","","14132","63034","17180","678183"
"2021","Junio     ","Tres Ríos","520704","36895","","13344","63064","15907","649914"
"2021","Mayo      ","Tres Ríos","500497","36965","","13296","60363","15595","626716"
"2021","Abril     ","Tres Ríos","549501","36968","","15208","64662","18513","684852"
"2021","Marzo     ","Tres Ríos","644095","42790","","16943","76699","20576","801103"
"2021","Febrero   ","Tres Ríos","513835","34498","","13420","60708","15912","638373"
"2021","Enero     ","Tres Ríos","537867","34969","","12638","59297","16232","661003"
"2020","Diciembre ","Tres Ríos","553519","36011","","12484","60615","15585","678214"
"2020","Noviembre ","Tres Ríos","541426","35552","","11741","59673","14802","663194"
"2020","Octubre   ","Tres Ríos","509787","36171","","12488","62465","14441","635352"
"2020","Setiembre ","Tres Ríos","484420","35951","","12263","58130","14027","604791"
"2020","Agosto    ","Tres Ríos","438618","36291","","12164","55700","13820","556593"
"2020","Julio     ","Tres Ríos","369575","34354","","11341","49260","12039","476569"
"2020","Junio     ","Tres Ríos","454736","36715","","11995","55772","13695","572913"
"2020","Mayo      ","Tres Ríos","422827","34216","","11042","52204","12626","532915"
"2020","Abril     ","Tres Ríos","278998","28474","","11319","41638","9473","369902"
"2020","Marzo     ","Tres Ríos","546960","43030","","17616","77715","25444","710765"
"2020","Febrero   ","Tres Ríos","664883","42135","","16881","83108","30620","837627"
"2020","Enero     ","Tres Ríos","684628","43674","","17967","81054","32338","859661"
"2019","Diciembre ","Tres Ríos","692497","42957","","15495","76882","31136","858967"
"2019","Noviembre ","Tres Ríos","695484","44841","","17153","84669","33284","875431"
"2019","Octubre   ","Tres Ríos","700874","45530","","17784","85491","33974","883653"
"2019","Setiembre ","Tres Ríos","664305","41158","","16042","80030","31772","833307"
"2019","Agosto    ","Tres Ríos","683971","42804","","17150","81612","33110","858647"
"2019","Julio     ","Tres Ríos","707160","44896","","17310","84874","35205","889445"
"2019","Junio     ","Tres Ríos","679970","42501","","16970","80690","32217","852348"
"2019","Mayo      ","Tres Ríos","685118","45394","","18570","80454","34071","863607"
"2019","Abril     ","Tres Ríos","625499","41825","","16777","74324","30646","789071"
"2019","Marzo     ","Tres Ríos","699222","44835","","18636","86080","34642","883415"
"2019","Febrero   ","Tres Ríos","644864","41699","","17176","78512","32466","814717"
"2019","Enero     ","Tres Ríos","667373","43232","","17826","78114","34382","840927"
"2018","Diciembre ","Tres Ríos","685313","42353","","15975","76173","32385","852199"
"2018","Noviembre ","Tres Ríos","679529","44924","","17528","85154","35182","862317"
"2018","Octubre   ","Tres Ríos","684988","44600","","16882","83244","35031","864745"
"2018","Setiembre ","Tres Ríos","642627","40325","","15933","79693","32898","811476"
"2018","Agosto    ","Tres Ríos","685247","44326","","17093","82872","34637","864175"
"2018","Julio     ","Tres Ríos","684492","43253","","17232","80057","35581","860615"
"2018","Junio     ","Tres Ríos","611884","40534","","16779","76975","31660","777832"
"2018","Mayo      ","Tres Ríos","639501","43140","","17891","77367","32112","810011"
"2018","Abril     ","Tres Ríos","644926","43336","","17468","80433","32627","818790"
"2018","Marzo     ","Tres Ríos","690803","43437","","18682","82301","27823","863046"
"2018","Febrero   ","Tres Ríos","635186","40679","","17160","77643","26843","797511"
"2018","Enero     ","Tres Ríos","689861","43538","","18520","77370","29919","859208"
"2017","Diciembre ","Tres Ríos","698805","42435","","17503","75224","27786","861753"
"2017","Noviembre ","Tres Ríos","700238","45641","","18130","85768","31508","881285"
"2017","Octubre   ","Tres Ríos","649078","41001","","15507","77725","27728","811039"
"2017","Setiembre ","Tres Ríos","677252","44546","","16590","77355","29678","845421"
"2017","Agosto    ","Tres Ríos","698440","46193","","17504","81161","29917","873215"
"2017","Julio     ","Tres Ríos","717413","45123","","17771","79183","30230","889720"
"2017","Junio     ","Tres Ríos","694416","45505","","18767","80844","28450","867982"
"2017","Mayo      ","Tres Ríos","700336","45601","","19569","78471","29648","873625"
"2017","Abril     ","Tres Ríos","629614","38306","","17230","69090","28215","782455"
"2017","Marzo     ","Tres Ríos","659029","43641","","19026","80704","30757","833157"
"2017","Febrero   ","Tres Ríos","639521","41619","","16827","75871","29170","803008"
"2017","Enero     ","Tres Ríos","689521","45090","","17471","74712","32074","858868"
"2016","Diciembre ","Tres Ríos","685327","44573","","17408","70967","30624","848899"
"2016","Noviembre ","Tres Ríos","644414","42025","","16147","71072","29512","803170"
"2016","Octubre   ","Tres Ríos","701608","44290","","17637","75129","31493","870157"
"2016","Setiembre ","Tres Ríos","678476","44729","","17352","76356","31744","848657"
"2016","Agosto    ","Tres Ríos","680002","45307","","16492","75599","30380","847780"
"2016","Julio     ","Tres Ríos","708449","43538","","16410","73920","31318","873635"
"2016","Junio     ","Tres Ríos","668343","42726","","16988","72449","28193","828699"
"2016","Mayo      ","Tres Ríos","697128","46495","","18584","73421","29444","865072"
"2016","Abril     ","Tres Ríos","670674","46714","","18189","67427","31690","834694"
"2016","Marzo     ","Tres Ríos","579062","41126","","16045","63869","28183","728285"
"2016","Febrero   ","Tres Ríos","646947","43199","","18540","64738","27822","801246"
"2016","Enero     ","Tres Ríos","667056","43558","","16951","62729","26479","816773"
"2015","Diciembre ","Tres Ríos","661288","43284","","17665","60414","27748","810399"
"2015","Noviembre ","Tres Ríos","664236","44941","","16733","64937","29496","820343"
"2015","Octubre   ","Tres Ríos","671973","46372","","16336","66165","30645","831491"
"2015","Setiembre ","Tres Ríos","642813","43698","","15310","62332","30125","794278"
"2015","Agosto    ","Tres Ríos","659251","43241","","16805","63903","31607","814807"
"2015","Julio     ","Tres Ríos","665844","44538","","18146","61909","32643","823080"
"2015","Junio     ","Tres Ríos","643331","43463","","19040","59724","31538","797096"
"2015","Mayo      ","Tres Ríos","657330","42149","","18092","58272","31237","807080"
"2015","Abril     ","Tres Ríos","589357","38572","","16095","54061","28824","726909"
"2015","Marzo     ","Tres Ríos","637209","43207","","18984","57455","29037","785892"
"2015","Febrero   ","Tres Ríos","573544","39855","","15496","51206","25425","705526"
"2015","Enero     ","Tres Ríos","621975","43627","","16463","51492","28709","762266"
"2014","Diciembre ","Tres Ríos","618881","44390","","16611","48095","28122","756099"
"2014","Noviembre ","Tres Ríos","631678","43114","","16850","52809","26850","771301"
"2014","Octubre   ","Tres Ríos","638742","45232","","16542","54652","28399","783567"
"2014","Setiembre ","Tres Ríos","601194","42008","","15934","50619","26537","736292"
"2014","Agosto    ","Tres Ríos","613126","42116","","15936","50630","29349","751157"
"2014","Julio     ","Tres Ríos","609119","44485","","17453","51021","30185","752263"
"2014","Junio     ","Tres Ríos","579818","42433","","17771","48272","28504","716798"
"2014","Mayo      ","Tres Ríos","614317","45312","","19215","50912","30689","760445"
"2014","Abril     ","Tres Ríos","529490","38997","","16307","43395","26685","654874"
"2014","Marzo     ","Tres Ríos","626390","44482","","18346","52356","31202","772776"
"2014","Febrero   ","Tres Ríos","545720","39428","","16767","45410","27248","674573"
"2014","Enero     ","Tres Ríos","587424","41575","","16942","44349","28750","719040"
"2013","Diciembre ","Tres Ríos","579070","41979","","16184","41554","28067","706854"
"2013","Noviembre ","Tres Ríos","592295","43190","","16914","45622","30604","728625"
"2013","Octubre   ","Tres Ríos","591002","44121","","18181","46117","31588","731009"
"2013","Setiembre ","Tres Ríos","568634","40881","","15540","42578","30276","697909"
"2013","Agosto    ","Tres Ríos","584052","41389","","15701","42484","31097","714723"
"2013","Julio     ","Tres Ríos","599381","42301","","16353","43369","31893","733297"
"2013","Junio     ","Tres Ríos","568080","39154","","16047","38677","27732","689690"
"2013","Mayo      ","Tres Ríos","572486","43290","","17411","40399","26465","700051"
"2013","Abril     ","Tres Ríos","556149","42454","","17248","40546","26171","682568"
"2013","Marzo     ","Tres Ríos","528834","38665","","15679","34265","24388","641831"
"2013","Febrero   ","Tres Ríos","516876","37830","","15249","37431","24640","632026"
"2013","Enero     ","Tres Ríos","531341","38475","","15578","34557","26343","646294"
"2012","Diciembre ","Tres Ríos","","","","","","",""
"2012","Noviembre ","Tres Ríos","","","","","","",""
"2012","Octubre   ","Tres Ríos","2746","201","","88","65","141","3241"
"2012","Setiembre ","Tres Ríos","516312","36391","","14662","23494","26756","617615"
"2012","Agosto    ","Tres Ríos","515791","38440","","14908","24053","27687","620879"
"2012","Julio     ","Tres Ríos","521441","37910","","14693","21934","28341","624319"
"2012","Junio     ","Tres Ríos","567117","42148","","16422","34267","29776","689730"
"2012","Mayo      ","Tres Ríos","586260","43115","","17769","36244","31320","714708"
"2012","Abril     ","Tres Ríos","515003","37132","","15559","30192","28064","625950"
"2012","Marzo     ","Tres Ríos","568944","42790","","17477","35743","31254","696208"
"2012","Febrero   ","Tres Ríos","468726","36082","","15086","26699","25255","571848"
"2012","Enero     ","Tres Ríos","467788","36448","","15300","25534","25719","570789"
"2011","Diciembre ","Tres Ríos","447163","35600","","13494","23739","24218","544214"
"2011","Noviembre ","Tres Ríos","466843","37145","","14194","26175","26440","570797"
"2011","Octubre   ","Tres Ríos","466933","35653","","13520","24164","26489","566759"
"2011","Setiembre ","Tres Ríos","450368","35957","","14336","25394","25383","551438"
"2011","Agosto    ","Tres Ríos","460865","37203","","14666","25802","25737","564273"
"2011","Julio     ","Tres Ríos","482163","37133","","13882","24838","28036","586052"
"2011","Junio     ","Tres Ríos","452068","37425","","15398","25592","24928","555411"
"2011","Mayo      ","Tres Ríos","471215","38750","","16542","25636","26068","578211"
"2011","Abril     ","Tres Ríos","520549","39193","","15982","28967","27595","632286"
"2011","Marzo     ","Tres Ríos","589211","44425","","18157","34764","31780","718337"
"2011","Febrero   ","Tres Ríos","537783","39557","","15070","30724","28670","651804"
"2011","Enero     ","Tres Ríos","553788","40767","","15044","29499","30122","669220"
"2010","Diciembre ","Tres Ríos","548298","42139","","15858","27123","28109","661527"
"2010","Noviembre ","Tres Ríos","553623","43423","","15868","31097","29995","674006"
"2010","Octubre   ","Tres Ríos","566526","42829","","14972","30556","30780","685663"
"2010","Setiembre ","Tres Ríos","530152","42540","","14106","28546","29657","645001"
"2010","Agosto    ","Tres Ríos","548260","42795","","14962","29083","31224","666324"
"2010","Julio     ","Tres Ríos","558167","45851","","15524","29638","32394","681574"
"2010","Junio     ","Tres Ríos","529536","43431","","15947","29333","29894","648141"
"2010","Mayo      ","Tres Ríos","557074","43798","","17833","30374","30756","679835"
"2010","Abril     ","Tres Ríos","498755","40642","","16080","28421","28433","612331"
"2010","Marzo     ","Tres Ríos","549132","45264","","17678","31175","31877","675126"
"2010","Febrero   ","Tres Ríos","492545","39935","","14830","28559","26911","602780"
"2010","Enero     ","Tres Ríos","520975","40393","","15086","28229","28649","633332"
"2009","Diciembre ","Tres Ríos","532822","41988","","15841","27656","28401","646708"
"2009","Noviembre ","Tres Ríos","528721","40883","","14924","29406","29618","643552"
"2009","Octubre   ","Tres Ríos","536669","42258","","15621","30304","30390","655242"
"2009","Setiembre ","Tres Ríos","510018","41077","","14660","29961","28794","624510"
"2009","Agosto    ","Tres Ríos","531366","41105","","14339","29479","30105","646394"
"2009","Julio     ","Tres Ríos","536257","43701","","15335","29237","31291","655821"
"2009","Junio     ","Tres Ríos","511585","41907","","16223","28158","30019","627892"
"2009","Mayo      ","Tres Ríos","520012","42276","","16387","26722","30148","635545"
"2009","Abril     ","Tres Ríos","474575","39326","","14788","25743","27767","582199"
"2009","Marzo     ","Tres Ríos","530530","42461","","16335","28497","31290","649113"
"2009","Febrero   ","Tres Ríos","480239","38813","","15070","24783","28209","587114"
"2009","Enero     ","Tres Ríos","483306","40693","","15171","24520","29473","593163"
"2008","Diciembre ","Tres Ríos","488641","42155","","14746","23749","28847","598138"
"2008","Noviembre ","Tres Ríos","485220","42181","","15108","24976","30129","597614"
"2008","Octubre   ","Tres Ríos","492236","45771","","16630","26825","30277","611739"
"2008","Setiembre ","Tres Ríos","466485","44071","","15547","25145","29088","580336"
"2008","Agosto    ","Tres Ríos","483927","43709","","15591","24901","30535","598663"
"2008","Julio     ","Tres Ríos","486864","46344","","17077","25205","31865","607355"
"2008","Junio     ","Tres Ríos","474121","44235","","15530","24007","28000","585893"
"2008","Mayo      ","Tres Ríos","509418","47573","","17134","24012","29403","627540"
"2008","Abril     ","Tres Ríos","499088","48863","","18186","24231","29107","619475"
"2008","Marzo     ","Tres Ríos","481161","43477","","16596","21827","28348","591409"
"2008","Febrero   ","Tres Ríos","491426","45136","","17718","22708","28565","605553"
"2008","Enero     ","Tres Ríos","486926","44981","","18431","22131","29974","602443"
"2007","Diciembre ","Tres Ríos","492533","43477","","15956","18721","28129","598816"
"2007","Noviembre ","Tres Ríos","492592","46031","","17076","21462","29668","606829"
"2007","Octubre   ","Tres Ríos","487121","45092","","15235","20228","29183","596859"
"2007","Setiembre ","Tres Ríos","475390","43453","","15737","19915","29300","583795"
"2007","Agosto    ","Tres Ríos","480317","44998","","16977","19849","30457","592598"
"2007","Julio     ","Tres Ríos","500047","44391","","16942","19529","32034","612943"
"2007","Junio     ","Tres Ríos","479176","44067","","16756","19108","30103","589210"
"2007","Mayo      ","Tres Ríos","488158","45321","","17480","18955","30033","599947"
"2007","Abril     ","Tres Ríos","437351","39326","","15198","16127","27374","535376"
"2007","Marzo     ","Tres Ríos","506069","45881","","18108","20275","31156","621489"
"2007","Febrero   ","Tres Ríos","457336","40166","","14874","17509","27921","557806"
"2007","Enero     ","Tres Ríos","407032","38198","","14345","14677","27036","501288"
"2006","Diciembre ","Tres Ríos","423340","37051","","14049","13384","25952","513776"
"2006","Noviembre ","Tres Ríos","416012","38619","","15066","14717","26554","510968"
"2006","Octubre   ","Tres Ríos","418118","37432","","15117","14591","26391","511649"
"2006","Setiembre ","Tres Ríos","398318","35745","","13826","13909","25589","487387"
"2006","Agosto    ","Tres Ríos","398334","36564","","14252","14097","26112","489359"
"2006","Julio     ","Tres Ríos","414252","35895","","14082","12728","27835","504792"
"2006","Junio     ","Tres Ríos","386460","35531","","14068","12467","24948","473474"
"2006","Mayo      ","Tres Ríos","404448","36866","","14438","12531","25085","493368"
"2006","Abril     ","Tres Ríos","376176","31499","","12355","10471","22803","453304"
"2006","Marzo     ","Tres Ríos","411004","36399","","14106","12466","24534","498509"
"2006","Febrero   ","Tres Ríos","358856","31726","","12098","10842","20608","434130"
"2006","Enero     ","Tres Ríos","392315","33268","","12845","10859","23080","472367"
"2005","Diciembre ","Tres Ríos","401279","33895","","12525","10310","21671","479680"
"2005","Noviembre ","Tres Ríos","388666","33925","","13137","10752","21170","467650"
"2005","Octubre   ","Tres Ríos","391646","32533","","13295","10008","20926","468408"
"2005","Setiembre ","Tres Ríos","372204","31939","","12936","10261","20576","447916"
"2005","Agosto    ","Tres Ríos","389259","32794","","12710","10506","21485","466754"
"2005","Julio     ","Tres Ríos","401895","33082","","12760","9830","22622","480189"
"2005","Junio     ","Tres Ríos","379435","32520","","12439","9803","20483","454680"
"2005","Mayo      ","Tres Ríos","389275","32996","","13477","10134","20924","466806"
"2005","Abril     ","Tres Ríos","387312","32116","","13942","9222","20570","463162"
"2005","Marzo     ","Tres Ríos","371833","30247","","13879","8981","20184","445124"
"2005","Febrero   ","Tres Ríos","363912","29377","","12453","8462","19119","433323"
"2005","Enero     ","Tres Ríos","375389","30444","","12408","8200","21280","447721"
"2004","Diciembre ","Tres Ríos","388779","30183","","11926","8049","20582","459519"
"2004","Noviembre ","Tres Ríos","376433","30371","","12153","8896","20168","448021"
"2004","Octubre   ","Tres Ríos","386404","29583","","12444","8348","19860","456639"
"2004","Setiembre ","Tres Ríos","362875","28356","","11431","8291","18513","429466"
"2004","Agosto    ","Tres Ríos","371880","27758","","10410","8525","19866","438439"
"2004","Julio     ","Tres Ríos","389470","30428","","12231","8176","21254","461559"
"2004","Junio     ","Tres Ríos","369133","29548","","12227","7908","19458","438274"
"2004","Mayo      ","Tres Ríos","378630","30025","","13112","7140","19883","448790"
"2004","Abril     ","Tres Ríos","344425","27236","","11994","6955","18146","408756"
"2004","Marzo     ","Tres Ríos","388897","30139","","12536","7936","20255","459763"
"2004","Febrero   ","Tres Ríos","367503","27721","","10824","7079","18408","431535"
"2004","Enero     ","Tres Ríos","360448","27471","","11431","6820","18927","425097"
"2003","Diciembre ","Tres Ríos","381824","28619","","11319","6159","19318","447239"
"2003","Noviembre ","Tres Ríos","343060","39571","","16118","7852","24385","430986"
"2003","Octubre   ","Tres Ríos","354667","35529","","14769","13557","21240","439762"
"2003","Setiembre ","Tres Ríos","386301","21180","","6409","9576","20252","443718"
"2003","Agosto    ","Tres Ríos","418493","22508","","7015","10383","14282","472681"
"2003","Julio     ","Tres Ríos","416016","21496","","6441","9485","13699","467137"
"2003","Junio     ","Tres Ríos","400142","21419","","6177","9385","13683","450806"
"2003","Mayo      ","Tres Ríos","414087","22491","","6556","9909","14301","467344"
"2003","Abril     ","Tres Ríos","371936","20537","","6072","9082","13238","420865"
"2003","Marzo     ","Tres Ríos","428480","24183","","7327","10534","14979","485503"
"2003","Febrero   ","Tres Ríos","392898","21527","","6183","9606","13895","444109"
"2003","Enero     ","Tres Ríos","410856","21088","","5831","9852","14313","461940"
"2025","Junio     ","Alajuela","426866","32830","","18325","44626","40590","563237"
"2025","Mayo      ","Alajuela","440533","35393","","20096","48739","42087","586848"
"2025","Abril     ","Alajuela","398149","30836","","18157","43453","41260","531855"
"2025","Marzo     ","Alajuela","432951","32454","","19387","48718","45271","578781"
"2025","Febrero   ","Alajuela","389676","30286","","17899","43496","41545","522902"
"2025","Enero     ","Alajuela","344035","27014","","15450","36416","37680","460595"
"2023","Noviembre ","Alajuela","475817","28286","8677","16432","43733","46687","619632"
"2023","Octubre   ","Alajuela","498817","28672","8417","16514","44005","46038","642463"
"2023","Agosto    ","Alajuela","500832","27089","7891","15737","41733","46511","639793"
"2023","Julio     ","Alajuela","494656","25010","7496","14159","40280","47992","629593"
"2023","Junio     ","Alajuela","480952","26345","8212","14851","40808","45143","616311"
"2023","Mayo      ","Alajuela","495677","27344","8544","15954","44130","46128","637777"
"2023","Abril     ","Alajuela","490464","23868","7692","13981","39435","49567","625007"
"2023","Marzo     ","Alajuela","500440","28012","7973","16638","43279","51742","648084"
"2023","Febrero   ","Alajuela","458208","25061","6528","14606","37602","47517","589522"
"2023","Enero     ","Alajuela","523323","28384","7381","15317","39656","55083","669144"
"2022","Noviembre ","Alajuela","472561","27524","6956","14503","35767","47630","604941"
"2022","Octubre   ","Alajuela","494098","27229","7128","14835","37048","46217","626555"
"2022","Agosto    ","Alajuela","486447","27432","6973","16039","36452","48393","621736"
"2022","Julio     ","Alajuela","478315","26156","6933","15451","37997","49257","614109"
"2022","Junio     ","Alajuela","471839","28205","7325","16697","40236","46711","611013"
"2022","Mayo      ","Alajuela","493441","28667","7714","17964","39424","46927","634137"
"2022","Abril     ","Alajuela","472496","25440","7206","16397","38699","48728","608966"
"2022","Marzo     ","Alajuela","531475","32328","8701","23793","50365","53310","699972"
"2022","Febrero   ","Alajuela","469173","28520","7933","20457","41498","46442","614023"
"2022","Enero     ","Alajuela","505829","29848","8223","20524","43377","52548","660349"
"2021","Noviembre ","Alajuela","481155","28056","7517","20521","45591","46188","629028"
"2021","Octubre   ","Alajuela","502371","28179","7715","21592","43887","45189","648933"
"2021","Agosto    ","Alajuela","506170","28188","7406","20095","42450","46199","650508"
"2021","Julio     ","Alajuela","491307","28155","7538","20093","41760","46951","635804"
"2021","Junio     ","Alajuela","494614","29730","7303","20702","42752","36339","631440"
"2021","Mayo      ","Alajuela","484303","30269","7800","21372","42276","34330","620350"
"2021","Abril     ","Alajuela","502475","28860","7746","20747","43424","32617","635869"
"2021","Marzo     ","Alajuela","532011","31616","8282","23191","51853","32859","679812"
"2021","Febrero   ","Alajuela","459550","28207","7419","18609","43652","27597","585034"
"2021","Enero     ","Alajuela","504432","29020","7586","17080","42054","30333","630505"
"2018","Diciembre ","Alajuela","596607","39982","","19984","46813","50755","754141"
"2018","Noviembre ","Alajuela","559753","42777","","22134","50157","47540","722361"
"2018","Octubre   ","Alajuela","567043","43055","","21282","49907","46222","727509"
"2018","Setiembre ","Alajuela","579398","41096","","19897","50680","45596","736667"
"2018","Agosto    ","Alajuela","579819","43079","","20985","48696","47815","740394"
"2018","Julio     ","Alajuela","579622","41795","","20601","47184","48779","737981"
"2018","Junio     ","Alajuela","560199","42904","","21276","47008","45274","716661"
"2018","Mayo      ","Alajuela","567838","44295","","22848","48895","45819","729695"
"2018","Abril     ","Alajuela","534663","42593","","23291","46239","45565","692351"
"2018","Marzo     ","Alajuela","552040","41354","","22817","46169","49783","712163"
"2018","Febrero   ","Alajuela","484799","37843","","19374","41153","43940","627109"
"2018","Enero     ","Alajuela","559022","43324","","21069","43881","51268","718564"
"2017","Diciembre ","Alajuela","574141","41550","","19540","42755","48141","726127"
"2017","Noviembre ","Alajuela","554200","44144","","22304","46082","45910","712640"
"2017","Octubre   ","Alajuela","548751","42180","","20194","43580","42956","697661"
"2017","Setiembre ","Alajuela","557691","42911","","20631","43935","44323","709491"
"2017","Agosto    ","Alajuela","569625","44743","","22331","46005","47043","729747"
"2017","Julio     ","Alajuela","594971","43074","","20858","45945","50503","755351"
"2017","Junio     ","Alajuela","554089","43984","","21728","46307","45184","711292"
"2017","Mayo      ","Alajuela","545880","45792","","22895","47873","46911","709351"
"2017","Abril     ","Alajuela","524213","40007","","21285","44890","48021","678416"
"2017","Marzo     ","Alajuela","573249","49986","","26613","59000","54555","763403"
"2017","Febrero   ","Alajuela","514088","45890","","23210","53468","50618","687274"
"2017","Enero     ","Alajuela","560680","45118","","21763","49105","54508","731174"
"2016","Diciembre ","Alajuela","556955","43152","","20717","42250","46886","709960"
"2016","Noviembre ","Alajuela","521692","41180","","19879","42374","43866","668991"
"2016","Octubre   ","Alajuela","586718","43872","","20890","45436","46634","743550"
"2016","Setiembre ","Alajuela","555941","43019","","20866","45151","43899","708876"
"2016","Agosto    ","Alajuela","564168","43636","","20872","47117","46902","722695"
"2016","Julio     ","Alajuela","590778","42725","","20275","45253","50411","749442"
"2016","Junio     ","Alajuela","543903","43758","","20984","43524","44939","697108"
"2016","Mayo      ","Alajuela","556236","42588","","19747","43490","45229","707290"
"2016","Abril     ","Alajuela","542845","42719","","21628","42530","46435","696157"
"2016","Marzo     ","Alajuela","539446","41715","","21709","41622","49123","693615"
"2016","Febrero   ","Alajuela","525089","41653","","20906","41062","47067","675777"
"2016","Enero     ","Alajuela","561172","41346","","20064","40917","51673","715172"
"2015","Diciembre ","Alajuela","501898","37311","","17269","34370","43696","634544"
"2015","Noviembre ","Alajuela","402617","29400","","14482","29006","35489","510994"
"2015","Octubre   ","Alajuela","501676","39131","","18158","36476","41443","636884"
"2015","Setiembre ","Alajuela","531831","41840","","19232","38710","44095","675708"
"2015","Agosto    ","Alajuela","563418","41663","","19124","40401","48176","712782"
"2015","Julio     ","Alajuela","544887","42692","","19942","37560","48655","693736"
"2015","Junio     ","Alajuela","525725","42362","","19813","36964","44899","669763"
"2015","Mayo      ","Alajuela","557817","42602","","19848","38149","47697","706113"
"2015","Abril     ","Alajuela","495214","39323","","19342","34782","45226","633887"
"2015","Marzo     ","Alajuela","536815","43044","","21424","38548","50046","689877"
"2015","Febrero   ","Alajuela","499333","39951","","19892","34164","46147","639487"
"2015","Enero     ","Alajuela","533610","41708","","18919","34847","51620","680704"
"2014","Diciembre ","Alajuela","541428","42727","","18660","33497","48513","684825"
"2014","Noviembre ","Alajuela","542483","42881","","19263","35530","47943","688100"
"2014","Octubre   ","Alajuela","528807","45069","","18771","35159","44544","672350"
"2014","Setiembre ","Alajuela","507378","42768","","18343","33494","43597","645580"
"2014","Agosto    ","Alajuela","545417","43554","","18165","35016","47710","689862"
"2014","Julio     ","Alajuela","518438","43824","","18857","35174","47696","663989"
"2014","Junio     ","Alajuela","507114","42425","","17949","33224","44614","645326"
"2014","Mayo      ","Alajuela","537711","45056","","19625","34947","45981","683320"
"2014","Abril     ","Alajuela","455534","39412","","18723","29852","42243","585764"
"2014","Marzo     ","Alajuela","549229","43923","","20713","36241","52109","702215"
"2014","Febrero   ","Alajuela","468507","39380","","18836","32043","44920","603686"
"2014","Enero     ","Alajuela","526194","43960","","18672","34090","51104","674020"
"2013","Diciembre ","Alajuela","549213","42273","","17486","31729","48447","689148"
"2013","Noviembre ","Alajuela","538667","45357","","19292","34679","48876","686871"
"2013","Octubre   ","Alajuela","528667","45822","","19323","34909","47588","676309"
"2013","Setiembre ","Alajuela","504710","41676","","17753","31919","45479","641537"
"2013","Agosto    ","Alajuela","426365","32336","","14323","25051","40416","538491"
"2013","Julio     ","Alajuela","500774","40109","","17416","29849","46609","634757"
"2013","Junio     ","Alajuela","529657","42129","","16953","31329","48555","668623"
"2013","Mayo      ","Alajuela","522251","45258","","18745","33251","47526","667031"
"2013","Abril     ","Alajuela","506209","43005","","18135","33522","48393","649264"
"2013","Marzo     ","Alajuela","516133","39998","","17993","30833","49867","654824"
"2013","Febrero   ","Alajuela","479825","40549","","17741","30831","44235","613181"
"2013","Enero     ","Alajuela","511773","42181","","17806","31584","47193","650537"
"2012","Diciembre ","Alajuela","509100","39176","","14366","28668","43513","634823"
"2012","Noviembre ","Alajuela","465317","41359","","15066","32124","41992","595858"
"2012","Octubre   ","Alajuela","484978","42619","","15613","31189","40408","614807"
"2012","Setiembre ","Alajuela","506845","41062","","16321","30311","41709","636248"
"2012","Agosto    ","Alajuela","521611","44313","","17409","32296","44547","660176"
"2012","Julio     ","Alajuela","532770","43221","","16937","31993","45799","670720"
"2012","Junio     ","Alajuela","520487","43321","","15962","32305","42991","655066"
"2012","Mayo      ","Alajuela","517206","44509","","17800","31512","43789","654816"
"2012","Abril     ","Alajuela","477736","37781","","16021","26845","42938","601321"
"2012","Marzo     ","Alajuela","468607","35878","","15696","27505","43571","591257"
"2012","Febrero   ","Alajuela","331089","19533","","10040","14615","31156","406433"
"2012","Enero     ","Alajuela","359173","21460","","9945","15371","34952","440901"
